City_ID,City,Country,Lat,Lng,Max Temp,Humidity,Cloudiness,Wind Speed,Current Description
0,Albany,US,42.6001,-73.9662,72.16,78,15,3.76,few clouds
1,Puerto Ayora,EC,-0.7393,-90.3518,72.55,98,24,9.19,few clouds
2,Yellowknife,CA,62.456,-114.3525,46.92,71,75,1.99,broken clouds
3,Kapaa,US,22.0752,-159.319,84.18,71,40,4.0,scattered clouds
4,Busselton,AU,-33.65,115.3333,61.05,59,51,9.46,broken clouds
5,Ushuaia,AR,-54.8,-68.3,44.26,61,40,0.0,scattered clouds
6,Kaitangata,NZ,-46.2817,169.8464,54.93,78,0,8.5,clear sky
7,Castro,BR,-24.7911,-50.0119,57.02,92,100,6.26,heavy intensity rain
8,Barrow,US,71.2906,-156.7887,32.02,86,90,13.8,overcast clouds
9,Bengkulu,ID,-3.8004,102.2655,83.35,67,54,3.69,broken clouds
10,Port Alfred,ZA,-33.5906,26.891,62.11,36,0,8.59,clear sky
11,Malkara,TR,40.89,26.9011,61.83,61,98,1.95,overcast clouds
12,Tigzirt,DZ,36.8886,4.1198,64.54,89,0,2.3,clear sky
13,Solton,RU,52.8429,86.4787,66.83,61,25,2.33,scattered clouds
14,Tasiilaq,GL,65.6145,-37.6368,42.96,90,97,2.91,overcast clouds
15,Bambous Virieux,MU,-20.3428,57.7575,76.21,78,75,18.37,light rain
16,Bluff,NZ,-46.6,168.3333,49.8,73,7,7.23,clear sky
17,Gravdal,NO,68.1214,13.5031,51.69,93,75,2.3,light rain
18,Port Elizabeth,ZA,-33.918,25.5701,52.09,46,0,2.3,clear sky
19,Avarua,CK,-21.2078,-159.775,71.65,78,94,2.3,light rain
20,Cabo San Lucas,MX,22.8909,-109.9124,87.8,62,11,11.41,few clouds
21,Hofn,IS,64.2539,-15.2082,47.01,97,100,12.21,light rain
22,Anadyr,RU,64.75,177.4833,43.3,65,40,7.92,scattered clouds
23,Mataura,NZ,-46.1927,168.8643,49.48,76,0,2.82,clear sky
24,Carnarvon,AU,-24.8667,113.6333,77.07,47,100,10.36,overcast clouds
25,Butaritari,KI,3.0707,172.7902,82.94,72,23,7.87,light rain
26,Narsaq,GL,60.9167,-46.05,55.62,79,100,2.59,overcast clouds
27,Mar Del Plata,AR,-38.0023,-57.5575,52.12,70,0,3.0,clear sky
28,Rikitea,PF,-23.1203,-134.9692,76.53,85,100,15.95,light rain
29,Mount Gambier,AU,-37.8333,140.7667,64.31,55,100,19.57,overcast clouds
30,Buta,CD,2.7858,24.73,68.18,99,100,0.76,light rain
31,Talnakh,RU,69.4865,88.3972,32.65,94,100,6.02,light snow
32,Bredasdorp,ZA,-34.5322,20.0403,61.92,39,4,8.25,clear sky
33,Belyy Yar,RU,53.6039,91.3903,64.29,63,0,5.7,clear sky
34,Dubai,AE,25.2582,55.3047,96.22,59,0,14.97,clear sky
35,Clyde River,CA,70.4692,-68.5914,35.83,87,90,16.11,overcast clouds
36,La Reforma,MX,25.0833,-108.05,84.74,66,42,3.38,scattered clouds
37,Hermanus,ZA,-34.4187,19.2345,54.81,48,2,11.97,clear sky
38,Jamestown,US,42.097,-79.2353,70.34,79,1,9.22,clear sky
39,Punta Arenas,CL,-53.15,-70.9167,35.71,87,0,10.47,clear sky
40,Maceio,BR,-9.6658,-35.7353,72.84,94,0,1.39,clear sky
41,Rapid Valley,US,44.0625,-103.1463,69.62,50,1,1.99,clear sky
42,Lebu,CL,-37.6167,-73.65,47.43,82,98,7.61,overcast clouds
43,Karratha,AU,-20.7377,116.8463,82.27,32,26,18.66,scattered clouds
44,Taos,US,36.4072,-105.5731,61.72,61,1,5.99,clear sky
45,Le Moule,GP,16.3332,-61.3473,78.84,79,94,18.54,overcast clouds
46,Sitka,US,57.0531,-135.33,53.49,66,75,4.61,broken clouds
47,Taperoa,BR,-7.2075,-36.8267,68.41,86,72,9.6,broken clouds
48,New Norfolk,AU,-42.7826,147.0587,63.91,50,100,5.01,overcast clouds
49,Chuy,UY,-33.6971,-53.4616,50.22,79,11,5.97,few clouds
50,Geraldton,AU,-28.7667,114.6,66.61,55,100,17.65,overcast clouds
51,Caravelas,BR,-17.7125,-39.2481,71.92,85,42,3.51,scattered clouds
52,Tortoli,IT,39.9256,9.6572,60.62,82,20,8.05,few clouds
53,Mizan Teferi,ET,6.9833,35.5833,61.66,91,74,2.95,broken clouds
54,Airai,TL,-8.9266,125.4092,74.46,44,98,2.89,overcast clouds
55,Hohhot,CN,40.8106,111.6522,82.69,34,0,14.92,clear sky
56,Hamilton,US,39.1834,-84.5333,72.79,92,1,6.2,clear sky
57,Havelock,US,34.8791,-76.9013,77.95,92,1,1.99,clear sky
58,Hilo,US,19.7297,-155.09,77.29,78,90,4.61,heavy intensity rain
59,Mildura,AU,-34.2,142.15,66.16,42,24,20.71,few clouds
60,Villa Maria,AR,-32.4075,-63.2402,43.83,78,100,6.46,overcast clouds
61,Senneterre,CA,48.3835,-77.2328,73.62,89,100,13.27,overcast clouds
62,Adrar,MR,20.5022,-10.0711,88.11,14,0,17.45,clear sky
63,Iraray,PH,8.9936,118.0511,86.07,71,91,6.53,overcast clouds
64,Gorontalo,ID,0.5412,123.0595,87.91,61,38,5.3,scattered clouds
65,Andros Town,BS,24.7,-77.7667,78.76,79,63,16.44,broken clouds
66,Farah,AF,32.5,62.5,93.49,12,0,6.15,clear sky
67,Gryazovets,RU,58.88,40.2525,64.35,64,6,2.59,clear sky
68,Honiara,SB,-9.4333,159.95,84.81,72,26,6.58,scattered clouds
69,Severo-Kurilsk,RU,50.6789,156.125,43.81,92,100,14.32,light rain
70,Grua,NO,60.2667,10.6667,57.87,93,100,2.08,overcast clouds
71,Saskylakh,RU,71.9167,114.0833,44.83,42,99,7.11,overcast clouds
72,Vostok,RU,46.4856,135.8833,69.91,44,48,9.24,scattered clouds
73,Nikolskoye,RU,59.7035,30.7861,64.8,71,87,2.8,overcast clouds
74,Kem,RU,64.9555,34.5793,46.13,63,70,8.23,broken clouds
75,Bilibino,RU,68.0546,166.4372,70.23,35,36,15.37,scattered clouds
76,Jaisinghnagar,IN,23.7,81.3833,97.72,31,34,14.67,scattered clouds
77,Mindelo,CV,16.8901,-24.9804,72.95,78,20,23.53,few clouds
78,Miri,MY,4.4148,114.0089,89.74,66,40,6.76,scattered clouds
79,San Policarpo,PH,12.1791,125.5072,83.14,74,89,3.83,overcast clouds
80,Vaini,TO,-21.2,-175.2,71.76,100,90,5.75,light rain
81,Ponta Do Sol,PT,32.6667,-17.1,66.83,78,12,5.39,few clouds
82,Codrington,AU,-38.2667,141.9667,65.46,47,100,25.41,overcast clouds
83,Namibe,AO,-15.1961,12.1522,75.06,42,2,9.06,clear sky
84,East London,ZA,-33.0153,27.9116,63.54,36,0,8.05,clear sky
85,Hecun,CN,36.5333,114.1111,90.09,21,100,7.27,light rain
86,Sokolka,PL,53.4072,23.5023,58.48,81,72,6.08,broken clouds
87,Kuminskiy,RU,58.6667,66.5667,66.69,62,68,4.76,broken clouds
88,Kochi,IN,9.9399,76.2602,85.98,75,13,1.81,few clouds
89,Kota Belud,MY,6.351,116.4305,91.26,63,99,5.86,overcast clouds
90,Yulara,AU,-25.2406,130.9889,69.64,26,56,6.91,broken clouds
91,Kyra,RU,49.5776,111.9753,78.06,28,100,17.54,overcast clouds
92,Kyren,RU,51.6828,102.1408,56.46,48,93,1.52,overcast clouds
93,Szczytno,PL,53.5626,20.9875,51.73,100,0,2.3,clear sky
94,Port Blair,IN,11.6667,92.75,82.44,89,75,5.75,broken clouds
95,Dikson,RU,73.5069,80.5464,30.06,94,100,13.02,light snow
96,Jocotepec,MX,20.3,-103.4333,69.15,63,76,3.36,broken clouds
97,Leningradskiy,RU,69.3833,178.4167,43.95,65,9,17.09,clear sky
98,Georgetown,MY,5.4112,100.3354,87.89,71,20,4.61,few clouds
99,Kaseda,JP,31.4167,130.3167,81.63,66,100,2.64,overcast clouds
100,Linhares,BR,-19.3911,-40.0722,67.17,94,100,2.08,light rain
101,Torbay,CA,47.6666,-52.7314,39.27,92,90,9.22,overcast clouds
102,Hithadhoo,MV,-0.6,73.0833,83.34,72,24,12.24,few clouds
103,Arraial Do Cabo,BR,-22.9661,-42.0278,71.78,87,20,6.71,few clouds
104,Cayenne,GF,4.9333,-52.3333,79.09,87,90,1.01,overcast clouds
105,Derzhavinsk,KZ,51.1,66.3167,70.12,28,99,12.62,overcast clouds
106,Magadan,RU,59.5667,150.8,49.93,75,63,8.25,broken clouds
107,Hasaki,JP,35.7333,140.8333,79.09,79,100,2.04,overcast clouds
108,Matara,LK,5.9485,80.5353,83.68,75,96,11.52,overcast clouds
109,Muborak,UZ,39.2553,65.1528,96.26,17,0,16.6,clear sky
110,Mahebourg,MU,-20.4081,57.7,76.24,78,75,9.22,light rain
111,Abu Dhabi,AE,24.4667,54.3667,91.51,62,0,11.05,clear sky
112,Jiuquan,CN,39.7432,98.5174,71.01,14,75,7.05,broken clouds
113,La Rochelle,FR,46.1667,-1.15,55.51,94,96,6.91,overcast clouds
114,Tautira,PF,-17.7333,-149.15,80.62,70,5,8.01,clear sky
115,Wanning,CN,18.8003,110.3967,89.47,63,30,7.76,scattered clouds
116,Zhigansk,RU,66.7697,123.3711,45.99,85,100,19.91,moderate rain
117,Brae,GB,60.3964,-1.353,42.71,78,97,2.19,overcast clouds
118,Novokayakent,RU,42.3937,47.9861,66.25,78,92,9.17,overcast clouds
119,Belokurikha,RU,51.9959,84.9896,69.28,49,0,7.38,clear sky
120,Lagoa,PT,39.05,-27.9833,63.57,90,100,13.15,overcast clouds
121,Provideniya,RU,64.3833,-173.3,44.71,61,75,4.47,broken clouds
122,Hit,IQ,33.6416,42.8251,83.37,19,0,12.48,clear sky
123,Svobodnyy,RU,51.4,128.1333,78.12,32,20,8.99,few clouds
124,Melnik,CZ,50.3505,14.4741,61.77,79,96,2.51,overcast clouds
125,Fare,PF,-16.7,-151.0167,80.87,77,39,9.66,light rain
126,Rongcheng,CN,30.634,117.8517,90.27,36,100,0.56,overcast clouds
127,Solnechnyy,RU,50.7214,136.6319,69.22,54,46,3.31,scattered clouds
128,Broome,US,42.2506,-75.833,72.54,78,53,2.98,broken clouds
129,Kununurra,AU,-15.7667,128.7333,87.78,20,10,4.61,clear sky
130,Dangriga,BZ,16.9692,-88.2321,82.98,84,39,12.46,scattered clouds
131,Meulaboh,ID,4.1363,96.1285,83.07,66,100,6.73,overcast clouds
132,Cape Town,ZA,-33.9258,18.4232,66.61,37,0,10.0,clear sky
133,Hobart,AU,-42.8794,147.3294,64.26,48,75,7.0,broken clouds
134,Sumter,US,28.7086,-82.0831,80.11,92,100,8.05,heavy intensity rain
135,Abnub,EG,27.2696,31.1511,68.22,49,95,10.38,overcast clouds
136,Cherskiy,RU,68.75,161.3,71.29,33,87,20.36,overcast clouds
137,Moses Lake,US,47.1301,-119.2781,56.61,45,47,5.17,scattered clouds
138,Marawi,PH,7.9986,124.2928,81.75,58,57,3.44,broken clouds
139,Neuquen,AR,-38.9516,-68.0591,46.29,71,0,0.0,clear sky
140,Apricena,IT,41.7839,15.4437,64.22,89,92,3.29,light rain
141,Matay,EG,28.419,30.7792,67.24,61,4,12.37,clear sky
142,Khatanga,RU,71.9667,102.5,38.26,64,97,11.48,overcast clouds
143,Amuntai,ID,-2.4177,115.2494,91.94,52,60,1.34,broken clouds
144,Cururupu,BR,-1.8283,-44.8683,73.29,96,49,2.77,scattered clouds
145,Pala,TD,9.3642,14.9046,75.13,75,90,2.82,overcast clouds
146,Victoria,HK,22.2855,114.1577,89.65,81,59,5.01,broken clouds
147,Vero Beach,US,27.6386,-80.3973,81.0,84,1,5.99,clear sky
148,Kijang,KR,35.2442,129.2139,78.53,54,0,11.74,clear sky
149,Anzio,IT,41.4853,12.6179,62.44,99,97,5.99,overcast clouds
150,Salalah,OM,17.0151,54.0924,84.29,89,75,6.91,broken clouds
151,Qaanaaq,GL,77.484,-69.3632,38.55,73,40,6.17,scattered clouds
152,Rawson,AR,-43.3002,-65.1023,47.01,59,48,16.06,scattered clouds
153,Hambantota,LK,6.1241,81.1185,85.37,68,98,16.67,overcast clouds
154,Ugoofaaru,MV,5.6667,73.0,82.54,76,100,17.11,overcast clouds
155,Grand Gaube,MU,-20.0064,57.6608,76.37,78,14,3.0,few clouds
156,Tilichiki,RU,60.4667,166.1,39.33,90,100,3.18,overcast clouds
157,Fereydunshahr,IR,32.941,50.121,66.33,17,0,4.7,clear sky
158,Kodiak,US,57.79,-152.4072,63.91,34,1,9.22,clear sky
159,Sao Filipe,CV,14.8961,-24.4956,73.24,77,9,10.85,clear sky
160,Klaksvik,FO,62.2266,-6.589,49.12,92,100,4.41,overcast clouds
161,Padang,ID,-0.9492,100.3543,84.25,61,9,4.88,clear sky
162,Atar,MR,20.5169,-13.0499,88.18,17,6,14.97,clear sky
163,Olafsvik,IS,64.8945,-23.7142,46.69,87,99,2.71,overcast clouds
164,Karimganj,IN,24.8667,92.35,85.77,72,77,3.36,broken clouds
165,Namatanai,PG,-3.6667,152.4333,83.75,69,71,4.9,light rain
166,Iqaluit,CA,63.7506,-68.5145,31.73,93,90,3.0,overcast clouds
167,Sfantu Gheorghe,RO,45.8667,25.7833,56.26,87,14,1.12,few clouds
168,Champaign,US,40.1334,-88.2001,74.21,80,1,4.0,clear sky
169,Saint-Philippe,RE,-21.3585,55.7679,71.15,83,97,17.4,light rain
170,Kalmunai,LK,7.4167,81.8167,86.13,64,97,1.32,overcast clouds
171,Alta Gracia,AR,-31.6529,-64.4283,44.89,64,96,3.29,overcast clouds
172,At-Bashi,KG,41.1702,75.8106,62.33,55,76,2.71,broken clouds
173,Faanui,PF,-16.4833,-151.75,81.28,76,31,11.07,scattered clouds
174,Atuona,PF,-9.8,-139.0333,80.22,66,6,10.98,clear sky
175,Husavik,IS,66.0449,-17.3389,44.51,72,33,9.24,scattered clouds
176,Caohe,CN,30.2297,115.4335,89.65,47,99,8.08,overcast clouds
177,San Patricio,US,28.017,-97.5169,82.89,90,4,15.05,clear sky
178,Danilov,RU,58.1908,40.1717,63.84,66,75,2.82,broken clouds
179,Thompson,CA,55.7435,-97.8558,53.76,87,90,10.36,overcast clouds
180,Saint-Denis,FR,48.9167,2.3333,56.21,92,100,2.3,overcast clouds
181,Guerrero Negro,MX,27.9769,-114.0611,62.69,78,92,14.99,overcast clouds
182,Kavieng,PG,-2.5744,150.7967,83.32,71,14,5.32,light rain
183,Bandarbeyla,SO,9.4942,50.8122,81.39,72,2,25.97,clear sky
184,Vanimo,PG,-2.6741,141.3028,82.18,83,85,6.69,overcast clouds
185,Berdsk,RU,54.7551,83.0967,73.0,73,6,8.46,clear sky
186,Tura,IN,25.5198,90.2201,84.15,71,35,6.55,scattered clouds
187,Ahipara,NZ,-35.1667,173.1667,61.74,88,98,10.96,overcast clouds
188,Vardo,NO,70.3705,31.1107,43.0,72,7,7.02,clear sky
189,Dingle,PH,10.9995,122.6711,87.33,62,100,5.32,overcast clouds
190,Pilar,BR,-9.5972,-35.9567,71.53,94,35,1.95,scattered clouds
191,Isangel,VU,-19.55,169.2667,75.31,69,75,11.5,broken clouds
192,Pevek,RU,69.7008,170.3133,50.94,59,4,15.23,clear sky
193,Vestmannaeyjar,IS,63.4427,-20.2734,47.48,92,100,19.24,overcast clouds
194,Samarai,PG,-10.6167,150.6667,77.02,92,100,13.78,overcast clouds
195,Shelburne,CA,44.0787,-80.2041,71.49,48,20,10.0,few clouds
196,Aklavik,CA,68.2191,-135.0107,45.32,41,11,9.1,few clouds
197,Varkaus,FI,62.3153,27.873,57.31,82,63,6.76,broken clouds
198,Evensk,RU,61.95,159.2333,50.0,72,59,8.12,broken clouds
199,Yumen,CN,40.2833,97.2,70.27,13,79,14.07,broken clouds
200,Souillac,MU,-20.5167,57.5167,76.35,78,75,18.34,light rain
201,Marsa Matruh,EG,31.3525,27.2453,69.4,71,0,10.29,clear sky
202,Valdivia,CL,-39.8142,-73.2459,37.49,97,93,2.06,overcast clouds
203,Saldanha,ZA,-33.0117,17.9442,68.05,38,2,27.07,clear sky
204,Caldwell,US,43.6629,-116.6874,66.07,35,1,13.8,clear sky
205,Balkhash,KZ,46.844,74.9804,74.01,18,0,20.13,clear sky
206,Grindavik,IS,63.8424,-22.4338,48.15,93,75,6.69,broken clouds
207,Prince Rupert,CA,54.3161,-130.3201,50.09,81,1,4.61,clear sky
208,Sawtell,AU,-30.3833,153.1,70.18,52,11,10.36,few clouds
209,Bhind,IN,26.5642,78.7883,101.26,25,7,10.89,clear sky
210,Longyearbyen,SJ,78.2186,15.6401,35.44,80,75,2.3,broken clouds
211,Henties Bay,NA,-22.116,14.2845,65.91,52,0,9.26,clear sky
212,Sao Jose Da Coroa Grande,BR,-8.8978,-35.1478,75.06,85,36,5.84,scattered clouds
213,Krasnoye,UA,49.9145,24.6134,59.29,92,47,5.17,scattered clouds
214,Sola,VU,-13.8833,167.55,80.33,74,73,13.98,broken clouds
215,Temozon,MX,20.8,-88.2167,78.08,85,78,6.15,broken clouds
216,San Quintin,MX,30.4833,-115.95,68.43,78,33,6.71,scattered clouds
217,Skjervoy,NO,70.0311,20.9714,57.2,66,18,7.23,few clouds
218,Camalu,MX,30.85,-116.0667,66.88,81,47,5.01,scattered clouds
219,Wajir,KE,1.7471,40.0573,74.79,67,70,15.32,broken clouds
220,Alice Town,BS,25.7167,-79.3,79.79,78,91,21.21,overcast clouds
221,Ilulissat,GL,69.2167,-51.1,37.42,81,0,0.0,clear sky
222,Darab,IR,28.7519,54.5444,94.8,8,0,9.93,clear sky
223,Malazgirt,TR,39.1427,42.5401,56.05,49,0,1.14,clear sky
224,Nantucket,US,41.2835,-70.0995,70.02,89,1,10.36,clear sky
225,Ribeira Grande,PT,38.5167,-28.7,64.99,91,100,9.48,overcast clouds
226,Karakol,KG,42.4907,78.3936,66.4,49,100,7.81,overcast clouds
227,Kawalu,ID,-7.3817,108.2082,85.14,61,75,4.38,broken clouds
228,Vila Velha,BR,-20.3297,-40.2925,69.94,97,0,1.99,clear sky
229,Ankang,CN,32.68,109.0172,90.95,38,100,1.3,overcast clouds
230,Aykhal,RU,66.0,111.5,38.66,84,76,33.24,light rain
231,Pisco,PE,-13.7,-76.2167,62.65,88,90,1.14,overcast clouds
232,Peru,US,40.7537,-86.0689,75.58,81,1,9.69,clear sky
233,Upernavik,GL,72.7868,-56.1549,34.3,82,19,5.77,few clouds
234,Chiredzi,ZW,-21.05,31.6667,53.62,89,77,4.36,broken clouds
235,Aswan,EG,24.0934,32.907,80.29,19,0,13.6,clear sky
236,Osijek,HR,45.5511,18.6939,64.42,100,69,5.28,fog
237,Suchiate,MX,14.55,-92.2167,83.3,79,38,4.29,scattered clouds
238,Zhangjiakou,CN,40.81,114.8794,80.67,28,96,12.48,overcast clouds
239,Auce,LV,56.4598,22.9017,59.45,71,11,4.99,few clouds
240,Vila Franca Do Campo,PT,37.7167,-25.4333,63.01,89,99,3.47,overcast clouds
241,Hekinan,JP,34.8833,136.9833,87.28,57,75,10.85,broken clouds
242,Bilma,NE,18.6853,12.9164,84.9,19,86,7.56,overcast clouds
243,Pailon,BO,-17.65,-62.75,67.1,87,31,1.05,scattered clouds
244,Constitucion,CL,-35.3333,-72.4167,52.12,63,100,4.81,light rain
245,Slave Lake,CA,55.2834,-114.769,53.58,71,1,0.0,clear sky
246,Port Hardy,CA,50.6996,-127.4199,51.98,82,75,0.0,broken clouds
247,Mpwapwa,TZ,-6.35,36.4833,57.9,86,5,4.59,clear sky
248,Broken Hill,AU,-31.95,141.4333,62.31,39,65,18.41,broken clouds
249,Lydenburg,ZA,-25.0978,30.4597,40.28,94,0,2.86,clear sky
250,Tessalit,ML,20.1986,1.0114,89.62,11,0,9.73,clear sky
251,Pedro Ii,BR,-4.4247,-41.4586,69.1,73,16,1.41,few clouds
252,Lensk,RU,60.7253,114.9278,60.31,25,4,13.67,clear sky
253,Bac Lieu,VN,9.285,105.7244,91.38,55,99,17.18,light rain
254,Cidreira,BR,-30.1811,-50.2056,62.29,78,91,13.02,overcast clouds
255,Buala,SB,-8.145,159.5921,83.95,73,75,8.08,light rain
256,Innisfail,AU,-17.5333,146.0333,72.81,81,84,9.73,broken clouds
257,Kerema,PG,-7.9631,145.7785,80.82,81,99,5.57,light rain
258,Smoky Lake,CA,54.1169,-112.4686,59.16,67,3,4.34,clear sky
259,La Seyne-Sur-Mer,FR,43.0982,5.8847,65.93,82,0,2.01,clear sky
260,Zinder,NE,13.8072,8.9881,82.69,45,46,12.5,scattered clouds
261,Takoradi,GH,4.8845,-1.7554,78.67,86,38,8.75,light rain
262,Moissac,FR,44.1024,1.0945,58.15,92,21,3.94,few clouds
263,Moose Factory,CA,51.2585,-80.6094,78.8,65,40,11.5,scattered clouds
264,Tamluk,IN,22.3,87.9167,93.18,37,91,11.27,overcast clouds
265,Ust-Maya,RU,60.4167,134.5333,88.14,27,86,12.66,overcast clouds
266,Luderitz,NA,-26.6481,15.1594,64.8,36,1,8.61,clear sky
267,Kunda,IN,25.7167,81.5167,103.17,24,78,13.29,broken clouds
268,Aldan,RU,58.6031,125.3894,51.78,71,100,10.2,overcast clouds
269,Fort Nelson,CA,58.8053,-122.7002,58.59,41,75,5.75,broken clouds
270,Santo Domingo,DO,18.5001,-69.9886,76.03,88,100,3.0,overcast clouds
271,Arlit,NE,18.7369,7.3853,89.47,14,94,6.82,overcast clouds
272,Acapulco,MX,16.8634,-99.8901,83.16,80,100,8.25,overcast clouds
273,Salto,UY,-31.3833,-57.9667,45.88,96,7,3.0,clear sky
274,Bulgan,MN,48.8125,103.5347,39.24,93,100,8.52,overcast clouds
275,Gaziantep,TR,37.0594,37.3825,71.53,33,0,8.23,clear sky
276,Faya,SA,18.3851,42.4509,70.32,33,6,1.01,clear sky
277,San Joaquin,US,37.9333,-121.3011,73.29,43,1,16.11,clear sky
278,Sao Joao Da Barra,BR,-21.6403,-41.0511,72.27,89,100,9.91,overcast clouds
279,Kavaratti,IN,10.5669,72.642,82.62,76,100,12.62,overcast clouds
280,Micheweni,TZ,-4.9667,39.8333,77.9,77,30,17.09,light rain
281,Carlisle,US,40.2015,-77.1889,78.94,77,80,2.93,broken clouds
282,Shimoda,JP,34.6667,138.95,73.76,84,100,3.89,overcast clouds
283,Seoul,KR,37.5683,126.9778,74.16,67,90,7.43,light rain
284,Lompoc,US,34.6391,-120.4579,60.39,87,90,7.02,overcast clouds
285,Sechura,PE,-5.5569,-80.8222,69.12,77,100,10.51,overcast clouds
286,Maria La Baja,CO,9.9832,-75.3016,82.24,91,100,2.04,overcast clouds
287,Usinsk,RU,65.9939,57.5281,39.36,58,97,15.48,overcast clouds
288,Westport,US,41.1415,-73.3579,80.37,81,1,1.01,clear sky
289,Tigil,RU,57.8,158.6667,53.22,70,94,6.87,overcast clouds
290,Kasongo,CD,-4.45,26.6667,67.57,78,89,0.6,overcast clouds
291,Sile,TR,41.1754,29.6133,68.67,65,80,3.53,broken clouds
292,Kahului,US,20.8947,-156.47,80.62,71,40,17.27,scattered clouds
293,Qandala,SO,11.472,49.8728,91.96,46,0,5.97,clear sky
294,Yar-Sale,RU,66.8333,70.8333,41.65,52,92,9.89,overcast clouds
295,Araouane,ML,18.9048,-3.5265,92.62,19,0,3.96,clear sky
296,Norman Wells,CA,65.282,-126.8329,51.84,76,75,4.61,light rain
297,Beringovskiy,RU,63.05,179.3167,34.47,99,100,3.85,overcast clouds
298,Portland,US,45.5234,-122.6762,55.98,66,46,1.01,scattered clouds
299,Malakal,SS,9.5334,31.6605,77.45,71,90,3.62,overcast clouds
300,Sisimiut,GL,66.9395,-53.6735,39.99,91,99,4.05,overcast clouds
301,Banda Aceh,ID,5.5577,95.3222,85.59,63,99,10.27,overcast clouds
302,Bonthe,SL,7.5264,-12.505,77.92,89,100,2.73,light rain
303,Niteroi,BR,-22.8833,-43.1036,72.59,83,0,4.92,clear sky
304,Vao,NC,-22.6667,167.4833,69.73,62,22,15.19,few clouds
305,Port Lincoln,AU,-34.7333,135.8667,58.55,84,44,23.8,scattered clouds
306,Paamiut,GL,61.994,-49.6678,38.08,96,100,5.3,light rain
307,Axim,GH,4.8699,-2.2405,78.3,86,30,7.38,light rain
308,Coihaique,CL,-45.5752,-72.0662,42.75,87,75,3.44,light rain
309,Maniitsoq,GL,65.4167,-52.9,38.98,92,100,7.72,overcast clouds
310,Rio Grande,BR,-32.035,-52.0986,57.16,77,9,10.51,clear sky
311,Tazovskiy,RU,67.4667,78.7,35.89,75,85,9.4,overcast clouds
312,Gornopravdinsk,RU,60.05,69.9,57.18,80,99,6.49,overcast clouds
313,Baykit,RU,61.67,96.37,44.76,84,99,7.52,light rain
314,Fairfield,US,41.2668,-73.3162,77.45,79,20,4.36,few clouds
315,Labuhan,ID,-6.8844,112.2051,87.35,61,91,2.19,overcast clouds
316,Sorland,NO,67.667,12.6934,51.87,97,100,4.74,overcast clouds
317,Uniara,IN,26.15,75.2167,94.24,37,72,16.37,broken clouds
318,Lavrentiya,RU,65.5833,-171.0,34.74,85,89,6.02,overcast clouds
319,Ossora,RU,59.2353,163.0719,42.22,88,100,4.88,overcast clouds
320,Vallenar,CL,-28.5708,-70.7581,55.67,77,0,0.69,clear sky
321,Talcahuano,CL,-36.7167,-73.1167,42.48,93,100,3.44,overcast clouds
322,La Romana,DO,18.4273,-68.9728,80.33,86,100,9.28,overcast clouds
323,Tianpeng,CN,30.9866,103.9393,76.64,48,100,5.21,overcast clouds
324,Bethel,US,41.3712,-73.414,77.29,77,20,0.0,few clouds
325,Kasongo-Lunda,CD,-6.4667,16.8167,64.92,54,13,1.83,few clouds
326,Shakawe,BW,-18.3667,21.85,45.68,78,3,4.85,clear sky
327,Katsuura,JP,35.1333,140.3,77.04,82,98,4.52,overcast clouds
328,Kruisfontein,ZA,-34.0033,24.7314,56.26,30,0,9.71,clear sky
329,Kerman,IR,30.2832,57.0788,84.06,14,0,8.34,clear sky
330,Sakakah,SA,29.9697,40.2064,81.97,19,0,3.06,clear sky
331,Oriximina,BR,-1.7656,-55.8661,77.63,79,75,3.24,broken clouds
332,Palmer,US,42.1584,-72.3287,75.61,74,1,4.43,clear sky
333,South Lake Tahoe,US,38.9332,-119.9844,65.05,48,1,8.05,clear sky
334,Makakilo City,US,21.3469,-158.0858,80.92,61,40,10.36,light rain
335,Nizwa,OM,22.9333,57.5333,90.3,42,5,3.0,clear sky
336,Ostrovnoy,RU,68.0531,39.5131,39.94,72,32,5.48,scattered clouds
337,Kushchevskaya,RU,46.5564,39.6386,61.86,83,72,11.41,broken clouds
338,Megion,RU,61.0296,76.1136,50.02,38,84,3.94,broken clouds
339,Paralimni,CY,35.0375,33.9833,74.08,42,0,1.01,clear sky
340,Jiwani,PK,25.05,61.7417,84.58,69,28,7.99,scattered clouds
341,Haines Junction,CA,60.7522,-137.5108,48.15,93,100,1.14,light rain
342,Nanakuli,US,21.3906,-158.1547,82.35,61,40,18.54,scattered clouds
343,Altamira,BR,-3.2033,-52.2064,73.74,90,85,0.63,overcast clouds
344,Lahat,ID,-3.8,103.5333,89.08,53,7,2.77,clear sky
345,Naze,JP,28.3667,129.4833,77.92,93,100,8.01,light rain
346,Half Moon Bay,US,37.4636,-122.4286,63.77,72,20,1.01,haze
347,Ancud,CL,-41.8697,-73.8203,53.22,89,100,17.34,moderate rain
348,Sioux Lookout,CA,50.1001,-91.917,68.38,56,1,8.05,clear sky
349,Les Cayes,HT,18.2,-73.75,78.39,83,13,7.07,few clouds
350,Chicama,PE,-7.8447,-79.1469,64.62,88,98,4.92,overcast clouds
351,Mezen,RU,65.8522,44.24,43.72,51,3,5.91,clear sky
352,Sangar,RU,63.9242,127.4739,45.46,88,100,3.0,overcast clouds
353,Harper,LR,4.375,-7.7169,78.49,85,100,7.47,light rain
354,Luanda,AO,-8.8368,13.2343,77.0,83,75,3.44,broken clouds
355,Pokrovskoye,RU,47.4157,38.8971,61.72,84,68,8.37,light rain
356,Mossendjo,CG,-2.9506,12.7261,67.5,99,41,0.34,scattered clouds
357,Cooma,AU,-36.2333,149.1333,53.37,50,99,9.62,overcast clouds
358,High Level,CA,58.5169,-117.136,55.51,50,75,9.4,broken clouds
359,San Francisco,US,37.7749,-122.4194,65.28,74,20,5.99,few clouds
360,Loviisa,FI,60.4566,26.2251,65.43,78,62,4.81,broken clouds
361,Komsomolskiy,UZ,40.4272,71.7189,90.82,28,81,2.3,broken clouds
362,Tuktoyaktuk,CA,69.4541,-133.0374,35.6,80,40,12.66,scattered clouds
363,Itoman,JP,26.1247,127.6694,86.38,78,75,10.36,heavy intensity rain
364,Elat,IL,29.5581,34.9482,73.67,47,23,8.08,few clouds
365,Mosquera,CO,4.7059,-74.2302,53.69,87,75,4.61,broken clouds
366,Cockburn Town,TC,21.4612,-71.1419,79.74,78,7,22.01,clear sky
367,Katima Mulilo,NA,-17.5,24.2667,45.99,79,37,5.3,scattered clouds
368,Sao Raimundo Nonato,BR,-9.0153,-42.6994,71.37,56,99,2.59,overcast clouds
369,Chara,RU,56.9064,118.2631,46.98,86,100,5.32,moderate rain
370,Bubaque,GW,11.2833,-15.8333,79.21,83,100,15.9,overcast clouds
371,Suez,EG,29.9737,32.5263,66.52,72,0,8.12,clear sky
372,Vrangel,RU,42.7297,133.0839,64.51,60,42,5.91,scattered clouds
373,Puerto Suarez,BO,-18.95,-57.8,70.83,79,25,3.42,scattered clouds
374,Gurupa,BR,-1.405,-51.64,75.11,90,63,3.58,broken clouds
375,Shenjiamen,CN,29.9576,122.298,72.93,82,68,11.27,broken clouds
376,Marquette,US,46.5333,-87.6335,73.81,50,1,12.75,clear sky
377,Santa Maria,BR,-29.6842,-53.8069,54.93,86,78,9.31,broken clouds
378,Tiksi,RU,71.6872,128.8694,42.22,70,100,5.44,overcast clouds
379,Oliveira Do Hospital,PT,40.3618,-7.8601,57.04,94,5,2.24,clear sky
380,Lamu,KE,-2.2717,40.902,76.77,83,13,17.43,light rain
381,Nadym,RU,65.5333,72.5167,44.11,48,39,7.61,scattered clouds
382,Esperance,AU,-33.8667,121.9,55.24,58,87,26.04,overcast clouds
383,Sorada,IN,19.75,84.4333,98.38,38,98,7.47,overcast clouds
384,Dunedin,NZ,-45.8742,170.5036,51.8,75,69,14.0,broken clouds
385,Richards Bay,ZA,-28.783,32.0377,56.52,81,1,7.56,clear sky
386,Alofi,NU,-19.0595,-169.9187,78.69,69,8,5.75,clear sky
387,Sal Rei,CV,16.1833,-22.9167,72.16,90,12,25.59,few clouds
388,Mahon,ES,39.8885,4.2658,63.16,88,0,6.91,clear sky
389,Antsohihy,MG,-14.8796,47.9875,73.56,65,8,11.01,clear sky
390,Nouadhibou,MR,20.931,-17.0347,67.98,77,96,17.27,sand
391,Hualmay,PE,-11.0964,-77.6139,63.0,86,35,5.91,scattered clouds
392,Lander,US,42.833,-108.7307,76.01,16,1,11.5,clear sky
393,Djambala,CG,-2.5447,14.7533,67.62,81,44,3.65,scattered clouds
394,Torun,PL,53.0137,18.5981,60.53,85,4,3.96,clear sky
395,Siddipet,IN,18.1,78.85,89.69,47,40,8.93,scattered clouds
396,Talara,PE,-4.5772,-81.2719,67.82,84,97,14.41,overcast clouds
397,Gao,ML,16.6362,1.637,85.89,39,5,13.09,clear sky
398,Basoko,CD,1.2391,23.616,71.55,95,100,1.1,overcast clouds
399,Acajutla,SV,13.5928,-89.8275,80.8,85,59,9.08,broken clouds
400,North Platte,US,41.1239,-100.7654,78.03,69,1,3.0,clear sky
401,Saint Anthony,US,45.0205,-93.218,84.22,51,1,10.11,clear sky
402,Iida,JP,35.5197,137.8207,82.8,44,100,5.19,overcast clouds
403,Lulea,SE,65.5842,22.1547,60.87,48,0,4.61,clear sky
404,Turmalina,BR,-17.2856,-42.73,60.28,92,100,1.03,overcast clouds
405,North Bend,US,43.4065,-124.2243,55.85,84,90,6.91,overcast clouds
406,Nortelandia,BR,-14.4547,-56.8028,72.66,60,72,3.15,broken clouds
407,Dole,FR,47.0833,5.5,59.5,94,90,9.22,overcast clouds
408,Razgrad,BG,43.5333,26.5167,63.91,86,1,3.31,clear sky
409,Tazmalt,DZ,36.3868,4.3989,62.62,93,8,2.46,clear sky
410,Riyadh,SA,24.6877,46.7219,95.14,10,0,10.36,clear sky
411,Baghdad,IQ,33.3406,44.4009,88.29,14,0,13.31,clear sky
412,Okha,RU,53.5739,142.9478,39.11,94,100,12.19,overcast clouds
413,Sobolevo,RU,54.4299,31.8996,57.7,89,96,4.88,overcast clouds
414,Forio,IT,40.7342,13.8646,68.81,81,91,4.41,overcast clouds
415,Asfi,MA,32.2994,-9.2372,65.55,90,0,11.9,clear sky
416,Gonbad-E Qabus,IR,37.25,55.1672,72.55,60,29,9.06,scattered clouds
417,Anloga,GH,5.7947,0.8973,79.02,81,63,7.67,light rain
418,Qaqortoq,GL,60.7167,-46.0333,55.9,85,100,5.64,overcast clouds
419,Chesma,RU,53.8111,60.6533,66.78,42,54,2.62,broken clouds
420,Capreol,CA,46.706,-80.9225,68.92,76,1,7.4,clear sky
421,Casablanca,MA,33.5928,-7.6192,63.75,88,0,6.24,clear sky
422,Trinidad,BO,-14.8333,-64.9,70.79,89,77,3.36,broken clouds
423,Novikovo,RU,51.1537,37.8879,58.26,87,44,4.23,scattered clouds
424,Hami,CN,42.8,93.45,78.13,10,3,11.16,clear sky
425,Jardim,BR,-21.4803,-56.1381,75.63,49,93,1.16,overcast clouds
426,Chokurdakh,RU,70.6333,147.9167,46.04,50,44,6.11,scattered clouds
427,Kaeo,NZ,-35.1,173.7833,62.33,95,100,12.03,light rain
428,Tumut,AU,-35.3,148.2167,58.19,61,100,5.01,overcast clouds
429,Vagur,FO,61.4732,-6.8119,48.67,88,98,6.8,overcast clouds
430,Maumere,ID,-8.6199,122.2111,82.36,72,63,3.29,broken clouds
431,Novyy Urengoy,RU,66.0833,76.6333,42.48,44,88,12.93,overcast clouds
432,Barreiras,BR,-12.1528,-44.99,69.1,59,100,2.84,overcast clouds
433,Suntar,RU,62.1444,117.6319,59.13,25,8,15.7,clear sky
434,Poum,NC,-20.2333,164.0167,73.62,62,99,16.02,overcast clouds
435,Kachug,RU,53.9606,105.8817,60.98,36,100,8.39,overcast clouds
436,Mathathane,BW,-22.2687,28.7495,53.82,83,36,8.41,scattered clouds
437,Mikkeli,FI,61.6886,27.2723,60.91,77,0,3.44,clear sky
438,Kropotkin,RU,45.4375,40.5756,57.94,88,98,9.35,overcast clouds
439,Fortuna,US,40.5982,-124.1573,55.33,86,20,8.05,few clouds
440,Wiarton,CA,44.7407,-81.1332,75.49,60,40,10.36,scattered clouds
441,Sovetskiy,RU,61.3614,63.5842,55.24,36,93,4.21,overcast clouds
442,Atasu,KZ,48.6814,71.6433,71.04,26,100,13.29,overcast clouds
443,Podor,MR,16.6527,-14.9587,91.04,20,7,6.82,clear sky
444,Corrales,US,35.2378,-106.6067,81.63,25,40,14.0,scattered clouds
445,Yatou,CN,37.15,122.3833,76.51,59,97,7.11,overcast clouds
446,Qiongshan,CN,20.0058,110.3542,84.18,84,75,10.78,moderate rain
447,Liptovsky Hradok,SK,49.0396,19.7234,52.95,83,82,2.33,broken clouds
448,Saint-Pierre,RE,-21.3393,55.4781,71.24,88,90,21.85,mist
449,Rio Gallegos,AR,-51.6226,-69.2181,37.45,87,0,4.61,clear sky
450,Gizo,SB,-8.103,156.8419,84.92,68,70,3.29,broken clouds
451,Falkenberg,SE,56.9055,12.4912,61.97,87,95,4.45,overcast clouds
452,Libreville,GA,0.3925,9.4537,78.82,94,75,5.75,light rain
453,Esenyurt,TR,41.0333,28.6753,67.86,77,75,3.0,broken clouds
454,Black River,JM,18.0264,-77.8487,80.6,79,5,3.31,clear sky
455,Charallave,VE,10.2425,-66.8572,75.47,98,77,1.25,broken clouds
456,Crestview,US,30.7621,-86.5705,80.24,77,75,1.01,light rain
457,Semey,KZ,50.4111,80.2275,71.82,37,0,6.71,clear sky
458,Nanortalik,GL,60.1432,-45.2371,42.28,76,100,7.49,overcast clouds
459,College,US,64.8569,-147.8028,70.12,43,40,8.05,scattered clouds
460,Athabasca,CA,54.7169,-113.2854,58.69,60,21,6.26,few clouds
461,Tomohon,ID,1.3346,124.8392,76.14,80,81,2.53,broken clouds
462,Yerbogachen,RU,61.2767,108.0108,53.76,38,69,12.15,broken clouds
463,Ponta Delgada,PT,37.7333,-25.6667,63.32,88,20,0.0,few clouds
464,Mana,GF,5.6592,-53.7767,75.6,89,100,2.57,overcast clouds
465,Angoche,MZ,-16.2325,39.9086,72.34,73,96,11.01,overcast clouds
466,Isiro,CD,2.7739,27.616,63.9,99,90,1.12,overcast clouds
467,Roura,GF,4.7263,-52.3274,78.96,94,90,0.89,overcast clouds
468,Yangambi,CD,0.8102,24.4336,69.84,99,100,0.45,light rain
469,Nagornyy,RU,52.7959,83.5498,72.75,54,0,4.12,clear sky
470,Lerwick,GB,60.1545,-1.1494,42.8,77,87,0.96,overcast clouds
471,Bridlington,GB,54.0831,-0.1919,53.62,88,58,1.92,broken clouds
472,Aquiraz,BR,-3.9014,-38.3911,78.89,86,27,6.58,scattered clouds
473,Roald,NO,62.5833,6.1333,55.0,87,75,6.91,broken clouds
474,Santa Rosa,PH,14.3122,121.1114,93.09,62,79,2.68,broken clouds
475,Dukat,RU,62.55,155.55,53.26,56,100,5.37,overcast clouds
476,Kefalos,GR,36.7453,26.9589,70.02,60,0,11.12,clear sky
477,Jackson,US,42.4165,-122.8345,62.47,36,20,11.5,few clouds
478,Zaysan,KZ,47.4667,84.8667,68.22,27,33,4.63,scattered clouds
479,Ozinki,RU,51.1786,49.6769,65.35,69,95,5.77,overcast clouds
480,Laredo,US,27.5064,-99.5075,88.09,74,1,12.66,clear sky
481,Dawei,MM,14.0833,98.2,76.75,93,100,3.69,overcast clouds
482,Ullapool,GB,57.8987,-5.1604,53.35,89,96,4.52,overcast clouds
483,Mangrol,IN,21.1167,70.1167,86.86,63,30,10.09,scattered clouds
484,Plainview,US,40.7765,-73.4673,82.89,72,1,1.01,clear sky
485,Tacuarembo,UY,-31.7333,-55.9833,44.17,93,5,8.03,clear sky
486,Pitimbu,BR,-7.4706,-34.8086,75.79,86,18,8.9,few clouds
487,San Jose,US,37.3394,-121.895,63.46,51,20,1.01,few clouds
488,Touros,BR,-5.1989,-35.4608,74.3,86,42,12.93,scattered clouds
489,Varhaug,NO,58.6147,5.6457,52.48,85,97,9.08,overcast clouds
490,Te Anau,NZ,-45.4167,167.7167,46.8,83,0,0.69,clear sky
491,Kenai,US,60.5544,-151.2583,69.03,46,1,18.41,clear sky
492,Pedro Juan Caballero,PY,-22.5472,-55.7333,60.76,100,90,9.22,mist
493,Churachandpur,IN,24.3333,93.6667,74.48,68,89,4.74,overcast clouds
494,Saint-Augustin,CA,51.226,-58.6502,46.98,80,100,8.93,overcast clouds
495,Lorengau,PG,-2.0226,147.2712,83.5,70,46,1.54,scattered clouds
496,Belaya Gora,RU,68.5333,146.4167,51.21,48,28,5.21,scattered clouds
497,Kichera,RU,55.9375,110.0997,59.0,44,100,2.35,overcast clouds
498,Laja,CL,-37.2667,-72.7,41.79,82,100,0.83,light rain
499,Aguas Verdes,PE,-3.4814,-80.245,71.4,86,100,5.46,light rain
500,Manta,EC,-0.95,-80.7333,73.18,88,90,8.05,overcast clouds
501,Necochea,AR,-38.5473,-58.7368,47.03,65,100,10.47,overcast clouds
502,Salamanca,ES,40.8333,-6.0,53.38,60,2,3.65,clear sky
503,Kirakira,SB,-10.4544,161.9205,82.24,78,37,7.0,light rain
504,Lyaskelya,RU,61.7667,31.0167,53.91,76,100,8.46,overcast clouds
505,Turtas,RU,58.9417,69.1325,68.99,61,55,2.53,broken clouds
506,Kodinsk,RU,58.6881,99.1844,53.55,96,100,10.42,moderate rain
507,Barauna,BR,-5.08,-37.6167,73.22,86,75,5.97,broken clouds
508,Kutum,SD,14.2,24.6667,73.6,20,15,3.33,few clouds
509,Tashara,RU,55.5195,83.5094,72.23,50,9,10.94,clear sky
510,Macas,EC,-2.3167,-78.1167,66.49,98,100,2.1,light rain
511,Thiruvananthapuram,IN,8.4833,76.9167,85.98,84,20,6.91,few clouds
512,Khowst,AF,33.3833,69.8833,87.4,29,0,3.71,clear sky
513,Sarangani,PH,5.4033,125.4636,83.39,72,83,4.88,light rain
514,Egvekinot,RU,66.3167,-179.1667,42.15,51,4,0.72,clear sky
515,Ladybrand,ZA,-29.1945,27.4574,34.68,81,0,3.2,clear sky
516,Kimbe,PG,-5.5502,150.1429,83.7,76,49,4.05,light rain
517,Taltal,CL,-25.4,-70.4833,60.01,76,0,4.34,clear sky
518,Tarija,BO,-21.5355,-64.7296,52.99,65,52,0.87,broken clouds
519,San Cristobal,VE,7.7669,-72.225,65.71,98,100,2.82,overcast clouds
520,Horsham,GB,51.064,-0.3272,58.35,94,75,2.44,fog
521,Mount Isa,AU,-20.7333,139.5,78.57,27,0,10.36,clear sky
522,Birjand,IR,32.8663,59.2211,91.87,9,0,13.8,clear sky
523,Frankfort,ZA,-27.2667,28.4833,37.26,93,3,4.61,clear sky
524,Taoudenni,ML,22.6783,-3.9836,97.07,10,36,2.95,scattered clouds
525,Riberalta,BO,-10.9833,-66.1,72.27,93,6,1.28,clear sky
526,Tuatapere,NZ,-46.1333,167.6833,49.82,79,6,3.33,clear sky
527,Camocim,BR,-2.9022,-40.8411,75.2,88,11,4.47,few clouds
528,Kudahuvadhoo,MV,2.6708,72.8944,83.28,70,40,13.98,scattered clouds
529,Santiago Del Estero,AR,-27.7951,-64.2615,59.29,77,88,4.05,overcast clouds
530,Novoilinsk,RU,51.6829,108.7143,44.33,95,100,3.36,overcast clouds
531,Izumo,JP,35.3667,132.7667,87.75,39,75,9.42,broken clouds
532,Zeya,RU,53.75,127.2667,84.47,22,20,6.73,few clouds
533,El Cobre,CU,20.0489,-75.9469,78.24,69,20,5.14,few clouds
534,Kalemie,CD,-5.9475,29.1947,71.73,77,48,12.62,light rain
535,Melilla,ES,35.2937,-2.9383,66.58,88,0,1.14,clear sky
536,Blagoyevo,RU,63.3667,47.9167,47.12,43,3,9.84,clear sky
537,Malatya,TR,38.5,38.0,60.85,36,0,5.53,clear sky
538,Sangin,AF,32.0728,64.8359,96.37,7,0,2.1,clear sky
539,Mayo,US,38.8876,-76.5119,80.56,87,1,1.01,clear sky
540,Gat,IL,31.61,34.7642,72.39,100,0,2.1,clear sky
541,Thyboron,DK,56.6985,8.2124,56.98,80,84,8.41,broken clouds
542,Kirkland Lake,CA,48.1446,-80.0377,74.23,68,49,12.12,scattered clouds
543,Vyskov,CZ,49.2775,16.999,62.01,85,7,4.97,clear sky
544,Saint George,US,37.1041,-113.5841,90.19,8,1,17.27,clear sky
545,Batavia,US,41.85,-88.3126,80.58,63,75,10.36,broken clouds
546,Severomuysk,RU,56.1481,113.4267,46.38,53,100,3.06,overcast clouds
547,Beloha,MG,-25.1667,45.05,60.69,76,10,11.48,clear sky
548,Sao Felix Do Xingu,BR,-6.6447,-51.995,73.06,80,82,2.26,broken clouds
549,Emporia,US,38.4039,-96.1817,71.8,83,1,6.91,clear sky
550,Chandvad,IN,20.3333,74.25,79.29,63,59,10.45,broken clouds
551,Kant,IN,27.8,79.8,101.62,23,0,6.22,clear sky
552,Gorele,TR,41.0308,39.0031,63.84,55,0,1.63,clear sky
553,Bonavista,CA,48.6499,-53.1147,35.6,81,94,4.07,overcast clouds
554,Charyshskoye,RU,51.3978,83.5598,67.57,51,0,3.06,clear sky
555,Buraydah,SA,26.326,43.975,88.25,11,27,9.13,scattered clouds
556,Coquimbo,CL,-29.9533,-71.3436,55.13,82,90,2.66,overcast clouds
557,La Ronge,CA,55.1001,-105.2842,53.85,71,75,0.0,broken clouds
558,Bagdarin,RU,54.4333,113.6,60.3,50,100,7.85,overcast clouds
559,Kedrovyy,RU,56.1667,91.8167,63.01,80,99,10.33,overcast clouds
560,Khani,GE,41.9563,42.9566,51.37,81,3,1.32,clear sky
561,Sibiti,CG,-3.6819,13.3499,67.15,98,34,0.74,scattered clouds
562,Ayr,GB,55.4627,-4.6339,52.21,93,0,0.0,clear sky
563,Kupino,RU,54.3663,77.2981,71.96,35,0,7.02,clear sky
564,Sabana De Torres,CO,7.3915,-73.4957,75.02,83,100,1.79,heavy intensity rain
565,Brisbane,AU,-27.4679,153.0281,73.36,58,20,1.99,few clouds
566,Jamame,SO,0.0722,42.7506,75.43,86,64,8.75,broken clouds
567,Nouakchott,MR,18.0858,-15.9785,76.93,33,4,17.29,clear sky
568,Santa Maria Da Vitoria,BR,-13.3947,-44.1886,67.87,73,38,2.13,scattered clouds
569,Bingol,TR,38.8847,40.4939,58.24,52,0,5.12,clear sky
570,Antigonish,CA,45.6169,-61.9986,53.82,88,60,5.32,broken clouds
571,Santa Cruz,BO,-17.8,-63.1667,65.66,100,90,3.38,overcast clouds
572,Helong,CN,42.5397,128.9972,66.85,63,41,4.27,scattered clouds
573,Pontes E Lacerda,BR,-15.2261,-59.3353,74.41,56,79,2.91,broken clouds
574,Kandi,BJ,11.1342,2.9386,76.15,77,62,4.45,broken clouds
575,Nelson Bay,AU,-32.7167,152.15,68.76,65,81,1.99,broken clouds
576,Iasmos,GR,41.1333,25.1833,72.27,80,100,4.32,overcast clouds
577,Acaponeta,MX,22.4964,-105.3594,79.45,72,0,1.45,clear sky
578,Leh,IN,34.1667,77.5833,55.13,19,0,3.27,clear sky
579,Jiaocheng,CN,24.6774,116.1389,89.6,48,13,4.76,few clouds
580,Camopi,GF,3.1655,-52.3158,71.11,99,91,1.48,overcast clouds
581,De Aar,ZA,-30.6497,24.0123,40.78,49,0,7.54,clear sky
582,Iquique,CL,-20.2208,-70.1431,60.84,78,98,1.48,overcast clouds
583,Brunico,IT,46.7958,11.9364,58.08,94,88,1.25,overcast clouds
584,Fairbanks,US,64.8378,-147.7164,70.14,43,1,5.75,clear sky
585,Rincon,US,32.296,-81.2354,80.51,94,90,4.81,overcast clouds
586,Mandali,IQ,33.7499,45.5541,91.27,13,0,6.85,clear sky
587,Praia Da Vitoria,PT,38.7333,-27.0667,63.75,88,40,5.84,scattered clouds
588,Torbat-E Jam,IR,35.244,60.6225,83.43,29,0,2.75,clear sky
589,Ulaangom,MN,49.9811,92.0667,59.11,37,5,6.62,clear sky
590,Macherla,IN,16.4833,79.4333,92.26,48,57,6.13,broken clouds
591,Kaoma,ZM,-14.7833,24.8,46.13,89,15,5.99,few clouds
592,Merrill,US,45.1805,-89.6835,78.57,70,1,8.05,clear sky
593,Hervey Bay,AU,-25.2986,152.8535,68.83,62,90,11.43,overcast clouds
594,Darlawn,IN,24.0167,92.9,78.6,78,96,2.66,overcast clouds
595,Schwaigern,DE,49.1439,9.055,61.9,98,100,3.49,overcast clouds
596,Honningsvag,NO,70.9821,25.9704,42.33,67,1,6.69,clear sky
597,Bodden Town,KY,19.2833,-81.25,82.92,55,18,1.01,few clouds
598,Carballo,ES,43.213,-8.691,54.86,94,34,2.1,scattered clouds
599,Along,IN,28.1667,94.7667,73.18,97,100,1.95,overcast clouds
600,Mandurah,AU,-32.55,115.7,63.21,56,96,10.0,overcast clouds
601,Cranbrook,CA,49.4999,-115.7688,48.04,49,75,6.6,broken clouds
602,Port Macquarie,AU,-31.4333,152.9167,67.96,49,36,7.16,scattered clouds
603,Mattawa,US,46.7379,-119.9028,59.67,54,53,10.0,broken clouds
604,Hobyo,SO,5.3505,48.5268,79.11,81,4,19.82,clear sky
605,Karatau,KZ,43.1667,70.4667,85.1,32,7,7.27,clear sky
606,Pappayiannis,GR,40.8333,21.5,64.54,80,78,3.69,broken clouds
607,Havoysund,NO,70.9963,24.6622,52.68,58,10,8.34,clear sky
608,Pacific Grove,US,36.6177,-121.9166,59.02,79,90,3.0,overcast clouds
609,Lieksa,FI,63.3167,30.0167,52.45,49,42,9.95,scattered clouds
610,Abu Samrah,SY,35.3029,37.1841,67.64,39,0,5.44,clear sky
611,Port Hedland,AU,-20.3167,118.5667,87.85,19,46,16.11,scattered clouds
612,Lubumbashi,CD,-11.6609,27.4794,48.83,90,38,4.81,scattered clouds
613,Tezu,IN,27.9167,96.1667,75.47,95,97,2.21,overcast clouds
614,Noumea,NC,-22.2763,166.4572,73.38,99,61,10.4,broken clouds
615,Guanica,PR,17.9716,-66.908,77.95,83,100,1.01,overcast clouds
616,Jalu,LY,29.0331,21.5482,71.2,36,0,9.1,clear sky
617,Udachnyy,RU,66.4167,112.4,43.39,75,79,25.14,light rain
618,Kantunilkin,MX,21.0917,-87.45,82.24,91,50,3.96,scattered clouds
619,Concepcion,CL,-36.827,-73.0498,42.6,93,100,3.44,overcast clouds
620,Mineros,BO,-17.1167,-63.2333,67.59,82,43,1.72,scattered clouds
621,Camana,PE,-16.6228,-72.7111,62.98,85,51,5.99,broken clouds
622,Andenes,NO,69.3143,16.1194,57.18,54,0,9.22,clear sky
623,Uri,IN,34.0833,74.0333,81.9,55,0,0.45,clear sky
624,Gdov,RU,58.7406,27.8122,59.38,77,2,6.89,clear sky
625,Mayumba,GA,-3.432,10.6554,74.71,93,98,5.97,overcast clouds
626,Anaconda,US,46.1285,-112.9423,52.79,53,95,0.69,overcast clouds
627,Santa Fe,AR,-31.6333,-60.7,50.0,74,6,4.0,clear sky
628,Asau,RO,46.4333,26.4,54.39,88,26,3.87,scattered clouds
629,Puerto Quijarro,BO,-17.7833,-57.7667,74.66,52,59,1.92,broken clouds
630,Nara,JP,34.6851,135.8049,86.92,41,99,6.55,overcast clouds
631,Iskilip,TR,40.7353,34.4739,57.13,73,69,3.44,broken clouds
632,La Macarena,CO,2.1837,-73.7849,71.1,99,100,2.75,overcast clouds
633,Bakchar,RU,57.0186,82.0711,66.0,62,78,2.3,broken clouds
634,Emba,KZ,48.8264,58.1442,68.14,41,100,7.61,overcast clouds
635,Santa Isabel Do Rio Negro,BR,-0.4139,-65.0192,77.97,79,92,2.17,overcast clouds
636,Weihai,CN,37.5017,122.1136,77.04,52,97,11.83,overcast clouds
637,Namtsy,RU,62.7161,129.6658,60.91,71,99,13.24,overcast clouds
638,Kloulklubed,PW,7.0419,134.2556,79.3,80,100,6.42,light rain
639,Sorokino,RU,53.75,84.9167,67.3,69,8,5.68,clear sky
640,Mao,ES,39.8885,4.2658,63.16,88,0,6.91,clear sky
641,Niscemi,IT,37.1486,14.3913,61.36,62,98,2.66,overcast clouds
642,Bud,US,39.447,-86.1758,72.86,95,100,9.55,overcast clouds
643,Himare,AL,40.1017,19.7447,70.43,65,3,5.5,clear sky
644,Camacha,PT,33.0833,-16.3333,63.36,77,40,12.66,scattered clouds
645,Burnie,AU,-41.0667,145.9167,56.41,83,100,21.12,overcast clouds
646,Porterville,US,36.0652,-119.0168,83.48,34,1,4.61,clear sky
647,Severnyy,RU,50.677,36.5532,57.24,94,18,4.47,few clouds
648,Basco,PH,20.4487,121.9702,83.43,76,100,11.1,overcast clouds
649,Karlshamn,SE,56.1706,14.8619,60.91,73,92,6.44,overcast clouds
650,Alice Springs,AU,-23.7,133.8833,74.21,21,19,11.99,few clouds
651,Silikatnyy,RU,53.9896,48.3275,69.12,87,95,1.9,overcast clouds
652,San Roque,ES,36.2107,-5.3842,65.23,94,75,6.91,broken clouds
653,Mandera,KE,3.9366,41.867,76.84,66,75,16.51,broken clouds
654,Abha,SA,18.2164,42.5053,70.05,24,0,0.6,clear sky
655,Ixtapa,MX,20.7,-105.2,82.22,78,1,0.0,clear sky
656,Puerto Escondido,MX,15.85,-97.0667,83.32,81,100,5.35,overcast clouds
657,Tikrit,IQ,34.6071,43.6782,83.48,19,0,9.82,clear sky
658,Maragogi,BR,-9.0122,-35.2225,74.35,86,43,4.94,scattered clouds
659,Serov,RU,59.6033,60.5787,64.69,37,11,1.01,few clouds
660,Korla,CN,41.7597,86.1469,81.34,25,27,2.71,scattered clouds
661,Alyangula,AU,-13.8483,136.4192,82.27,61,40,8.46,scattered clouds
662,Bairiki,KI,1.3292,172.9752,84.2,74,75,9.31,broken clouds
663,Bonfim,BR,3.0833,-59.95,75.2,86,35,7.87,scattered clouds
664,Paka,MY,4.6374,103.4368,89.53,66,20,5.23,few clouds
665,Aksarka,RU,66.5606,67.7975,42.94,45,11,5.88,few clouds
666,Saint-Joseph,RE,-21.3667,55.6167,70.16,84,97,16.84,light rain
667,Kurilsk,RU,45.2333,147.8833,47.86,95,81,8.43,broken clouds
668,Thinadhoo,MV,0.5333,72.9333,83.39,72,52,12.48,broken clouds
669,Santa Rosalia,MX,27.3167,-112.2833,80.42,33,63,9.17,broken clouds
670,Itarema,BR,-2.9248,-39.9167,75.92,87,12,7.92,few clouds
671,Visnes,NO,59.3556,5.2242,54.57,94,0,5.75,clear sky
672,Catamarca,AR,-28.4696,-65.7852,58.5,74,8,3.0,clear sky
673,Wagga Wagga,AU,-35.1167,147.3667,60.6,58,40,10.58,scattered clouds
674,Ankazoabo,MG,-22.2833,44.5167,60.01,72,21,9.13,few clouds
675,Tual,ID,-5.6667,132.75,81.39,79,90,13.15,overcast clouds
676,Puerto Cabello,VE,10.4731,-68.0125,77.95,82,100,4.74,overcast clouds
677,Sindor,RU,62.8629,51.8905,47.39,44,15,10.51,few clouds
678,Point Pleasant,US,40.0832,-74.0682,80.94,68,1,1.99,clear sky
679,Sistranda,NO,63.7256,8.834,54.9,93,95,11.83,overcast clouds
680,Carutapera,BR,-1.195,-46.02,74.73,93,22,5.14,few clouds
681,Damghan,IR,36.1683,54.348,77.52,33,0,5.68,clear sky
682,Yaan,NG,7.3833,8.5667,73.47,93,100,3.94,overcast clouds
683,Mulege,MX,26.8833,-111.9833,82.69,41,39,3.69,scattered clouds
684,Lima,PE,-12.0432,-77.0282,63.14,81,90,6.91,overcast clouds
685,Kelvington,CA,52.1667,-103.5343,56.86,83,18,5.77,few clouds
686,Berbera,SO,10.4396,45.0143,91.26,44,0,14.83,clear sky
687,Bend,US,44.0582,-121.3153,51.66,49,1,1.01,clear sky
688,Jalpan,MX,21.2333,-99.4833,77.13,66,97,1.77,overcast clouds
689,Contamana,PE,-7.3333,-75.0167,72.52,98,95,1.41,overcast clouds
690,Mehamn,NO,71.0357,27.8492,42.75,70,0,10.36,clear sky
691,Panzhihua,CN,26.5851,101.7128,75.15,77,99,4.74,overcast clouds
692,Gumla,IN,23.05,84.55,94.39,32,32,12.88,scattered clouds
693,Roros,NO,62.5747,11.3842,49.84,93,75,8.05,mist
694,Ikryanoye,RU,46.0932,47.7308,71.58,52,98,9.22,overcast clouds
695,Liyang,CN,29.7057,118.2862,87.53,39,100,3.04,overcast clouds
696,Laguna,US,38.421,-121.4238,79.12,44,1,5.99,clear sky
697,Kautokeino,NO,69.0125,23.0412,52.43,44,20,13.42,few clouds
698,Belle Glade,US,26.6845,-80.6676,82.42,78,98,11.81,overcast clouds
699,Tonantins,BR,-2.8731,-67.8022,73.6,95,48,1.54,scattered clouds
700,Manowa,SL,8.1667,-10.75,72.86,100,100,1.5,overcast clouds
701,Abidjan,CI,5.3094,-4.0197,78.76,94,20,7.34,light rain
702,Quatre Cocos,MU,-20.2078,57.7625,76.08,80,52,17.98,broken clouds
703,Sept-Iles,CA,50.2001,-66.3821,47.05,87,75,1.01,broken clouds
704,Porto Tolle,IT,44.9497,12.3245,66.22,81,98,4.03,overcast clouds
705,Mazurivka,UA,49.2745,24.2123,58.93,95,15,6.13,few clouds
706,Guasdualito,VE,7.2424,-70.7324,70.45,97,100,3.0,overcast clouds
707,Srikakulam,IN,18.3,83.9,93.54,52,61,11.61,broken clouds
708,Aden,YE,12.7794,45.0367,87.42,77,47,6.08,scattered clouds
709,Khargone,IN,21.8167,75.6,87.85,56,86,6.76,overcast clouds
